User_ID,User_Name,Buying_Method,Register_Date,Country_Code,Is_Active
0,shermandenise,Purchased,2020-08-10 10:22:30,Singapore,False
1,bbowman,Free,2020-05-25 18:46:59,Hong Kong,True
2,kellysamantha,Free,2020-11-24 17:05:09,Norway,True
3,victoria22,Free,2020-04-19 19:15:41,Germany,False
4,jsmith,Free,2020-01-06 03:34:32,Denmark,True
5,crobinson,Purchased,2020-07-04 21:59:07,Ireland,True
6,jthompson,Purchased,2020-12-17 04:28:07,New Zealand,False
7,christynelson,Purchased,2020-08-06 23:50:05,Australia,True
8,wgardner,Purchased,2020-11-30 23:30:53,South Africa,False
9,idavis,Purchased,2020-05-04 03:48:55,Taiwan,False
10,simpsonmelissa,Purchased,2021-03-12 23:30:43,New Zealand,True
11,mortonnatasha,Purchased,2020-07-02 08:58:38,Australia,True
12,elivingston,Free,2021-01-14 07:02:04,Taiwan,False
13,james80,Purchased,2021-08-01 00:28:00,Australia,False
14,virginia86,Free,2021-04-24 16:28:00,Ireland,True
15,jzamora,Purchased,2021-03-10 07:13:50,France,True
16,marybean,Purchased,2021-02-08 22:55:59,Singapore,True
17,michellesmith,Purchased,2021-02-27 23:59:42,Australia,False
18,webbbrandon,Free,2020-12-02 01:58:59,Japan,False
19,jesselee,Purchased,2020-04-15 07:33:23,Ireland,False
20,brittany17,Purchased,2020-12-16 01:32:07,Canada,False
21,jasminstephens,Free,2020-08-15 19:07:57,United Arab Emirates,False
22,xperkins,Free,2020-03-03 05:19:44,United States,False
23,hannah58,Free,2020-04-12 05:24:28,Japan,True
24,susanvalencia,Purchased,2021-02-04 06:05:35,Australia,False
25,whitneyrhodes,Purchased,2020-01-07 09:01:55,Australia,False
26,qmendez,Free,2020-04-04 11:47:36,United Kingdom,False
27,gilbertsandra,Purchased,2021-02-27 02:27:57,Norway,True
28,nicholsonkristi,Free,2020-01-06 18:45:06,Singapore,False
29,nathan21,Free,2021-07-06 00:43:10,Norway,False
30,kyleharris,Purchased,2021-04-09 21:29:18,Norway,True
31,williamhernandez,Free,2020-09-20 16:31:24,Sweden,False
32,johnsonholly,Purchased,2020-05-28 20:32:41,Japan,True
33,jeffreyarroyo,Free,2020-10-22 07:58:57,United States,False
34,jacksonrachel,Purchased,2020-04-26 19:25:49,Sweden,True
35,michaelstone,Purchased,2020-09-01 00:14:32,Sweden,False
36,betty31,Free,2020-04-22 22:08:33,Hong Kong,False
37,kathryn74,Purchased,2021-06-02 02:07:11,Singapore,True
38,yphillips,Purchased,2020-09-04 23:56:32,Sweden,False
39,thomas70,Purchased,2020-12-19 04:21:19,New Zealand,True
40,christie36,Free,2021-05-17 10:41:08,Australia,False
41,lbrennan,Free,2020-04-09 19:42:23,United Arab Emirates,False
42,gjefferson,Purchased,2021-05-16 19:37:06,Sweden,True
43,david72,Purchased,2020-09-23 04:49:35,United Arab Emirates,False
44,uriley,Purchased,2020-12-30 14:24:18,New Zealand,False
45,aaron02,Purchased,2021-07-13 02:33:07,Singapore,False
46,curtis02,Purchased,2021-05-05 02:55:40,Norway,False
47,jgarcia,Free,2021-05-15 14:28:37,Taiwan,True
48,sandra26,Purchased,2021-01-10 17:08:37,China,True
49,groy,Free,2020-08-14 06:00:02,United States,True
50,ashley17,Purchased,2021-06-12 14:46:56,China,True
51,wwhite,Free,2021-01-14 19:36:47,France,True
52,jmoore,Free,2021-06-07 02:33:19,Norway,True
53,amandaanderson,Free,2021-03-25 23:29:14,South Korea,True
54,shart,Free,2020-08-07 15:21:32,Canada,False
55,timothyjones,Free,2020-06-05 13:16:21,Taiwan,False
56,regina43,Purchased,2020-01-11 14:32:51,France,True
57,dana70,Purchased,2020-12-09 20:37:48,South Africa,False
58,wfernandez,Purchased,2020-10-20 18:47:58,South Africa,False
59,stacy07,Purchased,2021-03-04 05:20:14,Taiwan,True
60,michaelkelly,Purchased,2020-05-14 13:09:26,Japan,False
61,garciavictoria,Purchased,2021-07-23 00:53:35,United Arab Emirates,True
62,josephlawson,Free,2021-03-22 13:24:53,Australia,True
63,john56,Free,2020-10-24 12:08:18,Taiwan,False
64,carrie81,Purchased,2020-08-04 22:31:32,United States,True
65,stephen10,Purchased,2020-09-01 20:07:36,Norway,True
66,wward,Purchased,2020-10-31 21:41:33,United Arab Emirates,False
67,nolandominique,Purchased,2020-06-04 21:37:22,Sweden,False
68,daniel02,Purchased,2021-05-12 20:21:04,Taiwan,True
69,reeveslori,Free,2021-01-12 19:36:04,Germany,True
70,sosaisaac,Purchased,2020-10-11 23:46:38,United States,False
71,hooveramy,Purchased,2021-05-04 05:26:58,New Zealand,True
72,jenningsbrian,Purchased,2021-05-28 19:43:46,Sweden,False
73,kristin05,Free,2020-08-07 00:38:21,Norway,False
74,bwright,Purchased,2020-04-18 07:39:47,Canada,False
75,edward74,Purchased,2021-05-25 16:51:22,United Kingdom,False
76,agonzales,Free,2020-05-28 03:54:08,Hong Kong,True
77,rrussell,Free,2021-03-19 09:49:39,Denmark,False
78,ohanson,Purchased,2021-02-26 11:59:31,Japan,False
79,aliciacortez,Free,2020-06-23 23:57:32,France,True
80,martinjimenez,Purchased,2021-07-04 06:45:48,Japan,True
81,anthony46,Purchased,2020-09-11 04:38:33,South Africa,False
82,malloryperez,Free,2020-02-23 22:46:53,Japan,True
83,sharon62,Free,2021-06-08 06:33:04,Sweden,False
84,wwhite,Purchased,2020-04-20 02:50:09,South Africa,False
85,morrislori,Free,2020-08-15 19:52:02,Singapore,False
86,harrypena,Purchased,2020-02-04 07:26:29,Denmark,False
87,haroldhamilton,Free,2020-05-14 04:41:11,United States,True
88,sroth,Purchased,2020-03-27 12:19:28,Canada,True
89,david85,Purchased,2020-07-19 17:26:10,United Kingdom,True
90,ssantana,Purchased,2021-06-01 00:07:14,South Africa,True
91,mday,Free,2021-06-18 23:07:53,Japan,False
92,blankenshipmolly,Free,2020-03-06 03:06:52,Switzerland,True
93,maryconley,Free,2020-05-30 03:10:51,Switzerland,False
94,patty94,Free,2020-05-26 04:36:31,New Zealand,True
95,estokes,Free,2021-03-18 20:29:08,Ireland,True
96,kevinhall,Purchased,2020-07-17 20:57:55,South Africa,True
97,garyromero,Free,2020-06-16 17:42:00,Ireland,False
98,ianrodriguez,Free,2021-08-05 07:37:56,Norway,True
99,charles53,Free,2021-05-02 04:27:14,Germany,True
100,nancy44,Free,2020-09-18 16:36:59,Ireland,True
101,vsanchez,Purchased,2021-01-07 08:46:39,Taiwan,True
102,gregory00,Free,2021-03-03 16:24:36,China,True
103,evelynmiles,Free,2020-12-08 14:56:24,Taiwan,True
104,philipgarcia,Free,2020-08-17 17:50:29,Hong Kong,False
105,bhorton,Free,2020-07-17 22:37:28,Switzerland,False
106,emma55,Purchased,2020-11-06 16:21:15,Switzerland,True
107,lmeyers,Free,2020-10-09 20:45:18,United States,True
108,wgarza,Free,2021-04-10 15:37:35,Norway,True
109,joanneaustin,Free,2021-05-12 16:27:57,Ireland,True
110,zfinley,Purchased,2020-09-04 14:37:04,Taiwan,True
111,patriciahill,Free,2021-05-07 20:42:34,China,True
112,uallen,Free,2020-03-09 02:43:34,Switzerland,False
113,nharris,Free,2021-05-01 02:35:30,Germany,False
114,lesliegutierrez,Free,2020-05-16 22:04:16,South Korea,True
115,tbrady,Purchased,2020-12-22 15:03:27,New Zealand,False
116,qwalsh,Purchased,2021-05-20 13:33:21,Hong Kong,True
117,virginiastanley,Purchased,2020-04-23 03:07:14,United Arab Emirates,True
118,mcbrideamanda,Purchased,2021-04-26 07:22:39,China,True
119,esanchez,Free,2020-03-01 13:33:43,Switzerland,False
120,gperez,Purchased,2020-07-15 00:20:13,Sweden,True
121,larnold,Purchased,2020-02-14 10:21:12,Switzerland,True
122,joe76,Free,2021-03-22 01:52:11,United Kingdom,False
123,vdickerson,Free,2020-03-10 03:23:18,Sweden,False
124,jilllee,Free,2021-04-09 10:41:11,United States,True
125,mballard,Purchased,2020-12-12 02:37:17,Singapore,True
126,higginscharles,Purchased,2020-02-12 15:41:09,China,True
127,christopherprice,Free,2021-07-12 06:33:43,Singapore,True
128,karl12,Purchased,2020-05-07 07:00:58,Taiwan,True
129,mcrawford,Free,2021-01-01 19:20:52,South Korea,False
130,adam96,Purchased,2020-02-05 07:36:13,United Kingdom,False
131,deborahcurtis,Free,2020-10-10 17:28:34,Denmark,True
132,roberto28,Purchased,2021-03-12 14:43:41,United States,False
133,richardsoncarla,Free,2020-04-17 01:12:32,Singapore,False
134,christopher04,Free,2021-07-13 14:27:53,Canada,False
135,richard67,Free,2020-02-26 22:25:40,China,False
136,hurleydylan,Free,2021-01-26 14:52:49,United Kingdom,True
137,grahamkristina,Purchased,2020-11-24 09:06:02,South Africa,False
138,zgreene,Purchased,2020-03-12 14:25:11,Norway,True
139,antonio27,Purchased,2020-03-22 07:42:16,Switzerland,True
140,anita04,Free,2021-03-01 08:33:09,United Kingdom,False
141,coleward,Free,2020-03-15 13:10:26,Japan,False
142,juanellis,Free,2020-05-28 20:41:03,Hong Kong,True
143,toddanne,Free,2021-03-18 14:05:05,United Arab Emirates,True
144,knighttamara,Free,2021-05-30 06:11:45,Ireland,False
145,qrussell,Purchased,2020-08-07 01:12:19,Hong Kong,False
146,richardgregory,Purchased,2020-05-11 19:42:34,South Korea,True
147,castillojennifer,Free,2020-09-08 09:16:19,Japan,True
148,michaeljones,Purchased,2020-09-01 23:02:50,Sweden,True
149,kathleen08,Free,2020-05-02 21:58:42,United Arab Emirates,False
150,baileytrujillo,Purchased,2021-02-08 13:49:59,Denmark,True
151,cwilliams,Free,2020-03-12 16:09:52,Ireland,False
152,leeanthony,Purchased,2020-11-15 14:36:57,Switzerland,False
153,lisahoffman,Free,2020-07-29 04:16:15,Germany,False
154,hernandezjohn,Free,2020-11-19 08:45:41,Germany,True
155,robert02,Purchased,2021-03-21 07:46:29,Hong Kong,False
156,rodrigueztara,Free,2020-07-07 05:08:50,Norway,True
157,valerie91,Free,2021-02-20 13:58:57,Norway,False
158,paul86,Purchased,2020-12-11 11:48:20,New Zealand,True
159,ybell,Free,2020-07-01 02:55:08,South Africa,True
160,paigeklein,Free,2020-11-01 01:12:53,China,False
161,jacquelinetucker,Purchased,2021-03-03 13:09:44,Norway,True
162,brianna31,Free,2020-03-06 17:25:48,Germany,False
163,laura74,Free,2020-04-25 13:05:02,New Zealand,False
164,nicole57,Purchased,2021-01-11 14:15:18,Denmark,False
165,garzadebra,Free,2021-04-25 19:11:37,Australia,False
166,williamhutchinson,Purchased,2020-04-19 15:43:48,Japan,False
167,whitakerbrandon,Purchased,2020-07-25 23:03:44,France,True
168,lwilson,Purchased,2020-01-12 07:49:09,Ireland,True
169,brucesmith,Purchased,2020-05-27 00:08:09,South Korea,False
170,david92,Free,2021-03-03 13:28:19,France,False
171,keith35,Free,2021-05-22 05:12:09,Norway,False
172,andrew62,Purchased,2020-01-09 21:18:44,New Zealand,False
173,howardjustin,Free,2021-03-02 22:07:28,China,True
174,esparzawilliam,Free,2020-11-15 06:36:17,China,True
175,paul01,Free,2021-02-28 02:06:59,China,False
176,chelsea30,Free,2021-01-20 21:20:16,Singapore,True
177,hmoore,Purchased,2020-02-21 10:28:23,Hong Kong,True
178,john49,Purchased,2021-05-26 13:03:46,France,False
179,mccoyveronica,Free,2020-01-09 13:09:53,Canada,True
180,sanderson,Free,2020-05-08 10:17:37,Ireland,False
181,smithjeff,Purchased,2021-07-12 19:34:00,Australia,True
182,danielle36,Free,2021-07-15 00:56:08,France,True
183,linda63,Purchased,2020-12-02 13:12:25,France,False
184,xmitchell,Free,2021-07-06 22:53:36,United Kingdom,False
185,jeffreythompson,Purchased,2020-09-18 16:08:23,United Arab Emirates,False
186,jmahoney,Purchased,2021-07-01 23:56:07,United States,True
187,hodgesashley,Free,2020-01-20 23:20:33,China,False
188,apatterson,Free,2020-10-26 19:38:06,United Kingdom,True
189,brownsamantha,Purchased,2020-12-24 21:54:29,Ireland,True
190,mking,Free,2020-11-13 14:55:20,United States,True
191,dflores,Free,2021-06-22 12:50:54,Australia,True
192,jhoward,Purchased,2020-01-29 07:26:46,Australia,False
193,katherinegutierrez,Purchased,2021-03-08 17:45:34,United Arab Emirates,False
194,turnerdawn,Free,2020-01-15 00:46:27,Singapore,False
195,gary14,Purchased,2021-06-14 12:53:12,United Kingdom,False
196,twise,Purchased,2021-01-05 00:41:21,New Zealand,False
197,andrea50,Free,2021-06-10 00:18:53,Taiwan,True
198,smithlindsay,Free,2020-11-16 15:01:22,United Kingdom,False
199,madison93,Free,2020-07-22 20:03:21,Germany,True
200,doughertykim,Free,2020-06-23 23:03:33,Canada,True
201,jeffrey66,Purchased,2020-01-13 13:18:47,New Zealand,True
202,thunt,Purchased,2021-05-06 13:46:44,United Kingdom,False
203,michael83,Free,2021-05-25 08:01:34,Japan,False
204,lisavargas,Purchased,2021-03-07 04:07:51,Denmark,True
205,njensen,Purchased,2020-10-06 19:29:24,United Arab Emirates,False
206,melissasnyder,Purchased,2020-03-03 09:50:47,Singapore,True
207,darylrobbins,Purchased,2021-04-29 05:38:08,United States,True
208,gabrielharrell,Purchased,2020-10-27 09:04:04,United Kingdom,True
209,pwong,Purchased,2021-06-22 05:47:23,Canada,True
210,kevinmiller,Purchased,2020-01-24 16:49:23,France,True
211,yreed,Free,2020-07-31 04:02:38,South Korea,False
212,gmarsh,Purchased,2020-03-06 10:59:58,Denmark,True
213,keith03,Free,2021-03-07 00:41:48,Germany,True
214,rebecca30,Purchased,2020-01-21 08:10:49,Switzerland,True
215,samuel02,Purchased,2021-08-05 09:04:34,Germany,False
216,dreyes,Free,2020-07-21 17:27:38,France,False
217,moonrobert,Free,2021-06-29 04:32:16,United Arab Emirates,False
218,hayskathleen,Purchased,2021-04-02 20:08:11,China,True
219,jessicajordan,Free,2020-11-07 20:30:08,Ireland,False
220,reyesstephen,Free,2020-11-11 15:40:43,Sweden,True
221,fernandezmary,Purchased,2020-07-07 01:33:15,New Zealand,False
222,ronaldlewis,Purchased,2021-04-15 14:07:23,France,False
223,samuel88,Free,2020-11-04 08:06:36,United Arab Emirates,True
224,deandiane,Purchased,2020-12-15 14:05:32,Denmark,False
225,valeriewalker,Free,2020-12-21 12:11:10,South Korea,False
226,mcintoshalex,Purchased,2020-05-10 14:25:33,Sweden,True
227,berrykristen,Purchased,2021-01-23 13:21:14,Ireland,True
228,christiantaylor,Free,2021-05-11 15:17:16,Canada,False
229,jennifer02,Purchased,2020-08-28 18:25:48,France,True
230,ryan22,Free,2021-07-10 05:54:26,China,False
231,tmcmillan,Free,2020-04-02 14:16:08,United States,False
232,jessicamatthews,Purchased,2020-03-03 23:06:02,United Kingdom,True
233,igutierrez,Purchased,2020-07-09 03:09:00,Norway,False
234,pauldavila,Purchased,2020-11-17 21:55:44,China,True
235,nelsontony,Purchased,2021-03-11 08:13:12,South Africa,False
236,raymond89,Purchased,2021-02-20 22:36:38,Taiwan,True
237,rebecca67,Purchased,2021-01-16 01:42:44,United Kingdom,True
238,kellymurphy,Purchased,2021-04-30 02:09:11,Germany,True
239,mark52,Free,2021-05-25 07:29:39,Switzerland,True
240,sherry09,Purchased,2020-10-06 04:04:14,Taiwan,True
241,jennifer30,Free,2020-05-09 14:37:46,South Africa,False
242,jennifer55,Free,2021-04-27 04:03:06,Germany,False
243,josephkevin,Free,2021-06-16 16:04:51,United Arab Emirates,True
244,dsherman,Purchased,2020-04-28 04:55:25,South Korea,False
245,sbrown,Purchased,2020-09-29 19:18:32,South Korea,True
246,vburns,Purchased,2020-03-06 11:31:54,South Korea,False
247,nmiller,Free,2020-02-21 03:55:40,New Zealand,False
248,robertirwin,Free,2021-05-02 00:30:51,Hong Kong,True
249,ibates,Free,2020-04-13 00:40:52,Switzerland,False
250,bridget70,Purchased,2021-02-20 03:25:33,Norway,True
251,gardnermelanie,Purchased,2020-08-01 20:01:38,France,False
252,lisa84,Purchased,2021-07-16 04:27:19,Taiwan,True
253,vlewis,Free,2021-06-19 09:11:25,Sweden,False
254,steve47,Free,2020-07-17 06:18:46,South Korea,True
255,wwatson,Purchased,2020-02-09 05:03:10,Singapore,False
256,hillmason,Free,2020-12-02 17:44:11,Hong Kong,False
257,rachelgreene,Free,2021-07-10 01:30:12,Denmark,False
258,gregorywilliamson,Purchased,2020-10-13 00:53:50,Germany,True
259,juarezmadison,Free,2020-12-17 21:20:00,Taiwan,False
260,bgonzalez,Free,2020-03-18 20:44:13,New Zealand,True
261,rebecca31,Free,2021-01-04 22:08:41,France,True
262,ortizamanda,Purchased,2021-06-08 09:46:45,Canada,True
263,melissagray,Free,2021-04-27 03:21:39,New Zealand,True
264,jweaver,Free,2021-05-15 01:17:43,Japan,True
265,sheltonhector,Purchased,2021-04-02 01:39:41,Australia,True
266,antonio57,Purchased,2020-10-02 02:29:55,Switzerland,True
267,angela71,Purchased,2020-10-02 18:19:52,Switzerland,True
268,rebeccasparks,Free,2021-04-09 04:56:53,Ireland,True
269,adrienne62,Free,2020-03-20 21:53:23,Sweden,False
270,donnaweeks,Purchased,2021-05-12 21:23:54,Hong Kong,True
271,brian21,Free,2020-08-26 08:41:16,United Kingdom,True
272,millergail,Free,2021-01-25 12:57:00,Taiwan,False
273,chadsmith,Purchased,2020-09-22 03:21:59,South Africa,False
274,zbrewer,Free,2020-09-22 20:47:59,Ireland,True
275,amywest,Purchased,2020-10-28 11:36:05,Australia,True
276,unorman,Free,2020-03-19 16:17:20,Singapore,True
277,debra62,Free,2020-09-16 15:41:03,Taiwan,False
278,gsolomon,Purchased,2020-07-16 17:22:03,Sweden,True
279,greersteven,Free,2020-05-27 18:33:20,Hong Kong,False
280,ashleymartinez,Purchased,2020-05-15 07:02:55,South Korea,False
281,moorebrittney,Free,2021-07-09 23:33:52,Ireland,True
282,wilsonmichael,Free,2020-06-17 17:47:19,Japan,True
283,ashleephillips,Purchased,2020-11-10 11:12:54,Singapore,False
284,fsweeney,Free,2020-08-14 16:58:47,New Zealand,False
285,millermary,Purchased,2021-02-09 20:33:40,United Arab Emirates,True
286,norrisamy,Free,2021-07-29 21:41:36,New Zealand,False
287,eyoung,Purchased,2020-06-06 06:30:14,Singapore,False
288,guerrajanet,Purchased,2020-01-23 11:14:17,United States,True
289,max77,Purchased,2020-02-04 07:42:12,United Arab Emirates,False
290,david27,Purchased,2020-11-24 19:44:38,Switzerland,False
291,michellefitzgerald,Purchased,2021-02-23 05:35:52,Taiwan,True
292,laurenbarry,Free,2020-08-02 22:36:58,Australia,False
293,leonarddavid,Purchased,2021-03-03 21:03:53,Switzerland,False
294,ortizsamantha,Purchased,2020-06-27 11:16:50,Denmark,False
295,vazquezmichael,Free,2020-07-16 07:08:51,Denmark,False
296,cody29,Purchased,2020-05-09 20:03:37,United States,False
297,ualvarez,Purchased,2020-06-08 23:05:37,Germany,True
298,sharpteresa,Purchased,2021-05-03 18:40:40,Sweden,False
299,denise19,Free,2020-05-21 15:08:53,New Zealand,True
300,alex97,Purchased,2020-10-15 17:08:25,Australia,True
301,sjohnson,Free,2020-10-31 16:33:29,Taiwan,False
302,taylorroger,Purchased,2021-04-25 22:35:29,Hong Kong,True
303,marioallen,Purchased,2021-07-06 07:16:48,New Zealand,True
304,janet87,Purchased,2020-02-01 21:00:20,Japan,True
305,delgadorobert,Free,2020-09-14 20:18:29,Switzerland,False
306,matthewchapman,Free,2021-03-04 08:58:50,Canada,False
307,jimsimon,Free,2020-01-17 04:46:45,Japan,True
308,fsnyder,Purchased,2020-05-28 09:04:42,China,False
309,charles21,Free,2020-10-14 19:20:55,Switzerland,False
310,johnsonrandy,Purchased,2021-01-22 07:21:33,France,True
311,richardjohnson,Purchased,2021-06-02 02:56:07,Singapore,False
312,kelly18,Free,2021-01-05 03:42:46,Sweden,False
313,campbellmatthew,Free,2020-05-31 20:15:06,Germany,False
314,turnerlindsay,Free,2021-04-20 20:13:36,Australia,False
315,kelseytaylor,Purchased,2021-03-26 02:49:27,Singapore,True
316,duranlaura,Free,2020-06-19 03:00:27,Sweden,True
317,tammy10,Free,2020-09-25 09:24:46,Sweden,True
318,robinsondavid,Purchased,2020-07-10 00:22:46,Germany,True
319,garnerelizabeth,Free,2021-01-14 18:19:38,Switzerland,True
320,ryan54,Free,2020-04-03 00:32:38,United States,False
321,allen21,Free,2020-08-05 23:23:25,Sweden,True
322,anthony54,Free,2020-04-26 18:58:19,Taiwan,False
323,christinaclark,Purchased,2021-02-05 22:40:17,United Arab Emirates,True
324,wilkinsonwendy,Free,2020-09-11 00:52:12,Taiwan,False
325,zcooper,Purchased,2020-11-13 05:28:45,Taiwan,False
326,malonejasmine,Free,2020-06-11 16:32:41,New Zealand,False
327,plane,Purchased,2020-07-08 00:43:21,Hong Kong,False
328,michael96,Purchased,2021-02-07 20:47:01,China,False
329,donald01,Free,2021-04-14 09:56:53,United Kingdom,True
330,kellyhopkins,Purchased,2020-11-04 04:22:26,South Korea,False
331,johnathan03,Purchased,2021-06-29 21:12:39,Norway,True
332,adamwood,Free,2020-05-05 00:21:34,South Korea,True
333,kristenatkins,Purchased,2020-07-11 11:29:58,Hong Kong,False
334,monicaramsey,Free,2021-01-11 04:14:11,Hong Kong,True
335,feliciarojas,Free,2021-05-07 23:51:53,Australia,True
336,madison25,Free,2020-04-01 11:51:16,United Arab Emirates,False
337,samantha27,Purchased,2021-02-28 20:13:19,South Africa,False
338,rgarcia,Purchased,2020-04-03 07:15:41,United Arab Emirates,False
339,wmiller,Free,2021-04-10 18:57:36,United States,True
340,delacruzjames,Purchased,2021-02-24 19:54:35,Australia,True
341,ashleycoleman,Purchased,2020-12-02 22:08:31,France,True
342,kimberly75,Purchased,2021-08-03 16:40:21,United States,False
343,qsalazar,Purchased,2021-04-11 15:00:36,United Arab Emirates,True
344,rgonzalez,Free,2020-02-02 08:30:44,New Zealand,True
345,eric79,Free,2021-06-13 20:08:19,Japan,True
346,bdaniels,Purchased,2020-04-15 01:46:43,Ireland,True
347,chadperez,Free,2021-01-26 02:07:18,Singapore,True
348,matthew00,Purchased,2020-04-22 03:26:04,Germany,False
349,davisbrian,Free,2020-03-09 09:46:14,Switzerland,True
350,michael14,Purchased,2020-12-04 13:55:52,United Arab Emirates,False
351,richardestrada,Purchased,2020-01-21 18:51:13,Germany,True
352,brian66,Free,2020-07-08 04:34:32,China,False
353,beckjodi,Free,2021-02-23 06:29:26,Switzerland,True
354,xpeterson,Purchased,2021-06-27 20:03:55,Australia,True
355,donna43,Purchased,2021-03-06 04:10:20,South Korea,True
356,lynndakota,Purchased,2021-01-14 03:08:38,South Africa,True
357,mbenson,Purchased,2021-02-25 11:43:17,France,False
358,pricebrandy,Free,2020-11-14 11:28:04,Japan,True
359,tdickerson,Free,2020-07-07 17:51:37,New Zealand,False
360,jill77,Purchased,2021-04-19 18:01:30,Singapore,False
361,josephwilliams,Purchased,2021-07-31 08:14:49,Sweden,False
362,bavila,Free,2020-12-01 06:34:41,China,True
363,david48,Purchased,2020-09-28 20:42:27,France,True
364,maureen97,Purchased,2021-07-11 16:18:56,United States,True
365,bdean,Purchased,2021-06-30 11:52:26,United Kingdom,True
366,stonealexandria,Free,2020-08-02 00:27:39,United Arab Emirates,True
367,alicia36,Purchased,2020-10-20 17:26:54,South Korea,False
368,sue84,Free,2021-07-20 01:37:49,China,False
369,brandy34,Purchased,2020-01-21 01:29:10,China,False
370,edward87,Purchased,2020-04-19 20:47:15,United Kingdom,True
371,cynthia20,Free,2021-05-01 15:04:56,Taiwan,True
372,karenhawkins,Purchased,2020-06-23 06:22:27,Australia,True
373,srasmussen,Purchased,2020-07-01 22:02:31,Switzerland,True
374,nguyenbrenda,Free,2020-02-09 10:23:48,Switzerland,False
375,jbailey,Free,2020-02-20 17:10:56,Canada,False
376,simspatrick,Purchased,2020-05-15 13:28:05,United Arab Emirates,True
377,iwilson,Free,2021-04-30 15:35:08,Taiwan,True
378,blackscott,Purchased,2020-06-03 23:13:59,South Korea,False
379,stephen76,Purchased,2020-11-15 10:11:01,South Africa,True
380,melissa82,Free,2020-05-15 07:30:59,Hong Kong,False
381,danielroberts,Purchased,2020-07-06 06:08:21,Denmark,False
382,handrews,Free,2020-02-17 06:37:46,Canada,False
383,christopherpena,Purchased,2020-01-21 15:02:45,France,True
384,xhess,Purchased,2020-12-06 15:31:11,Taiwan,False
385,anthony77,Free,2020-07-01 08:51:19,South Korea,True
386,rhodesbarbara,Purchased,2020-02-26 15:26:16,United Kingdom,True
387,ktaylor,Free,2020-04-27 18:05:01,Taiwan,False
388,tammygarcia,Free,2020-01-13 00:58:58,South Africa,False
389,schmidttonya,Purchased,2020-05-18 11:12:29,Taiwan,True
390,anthony08,Purchased,2020-03-18 11:38:00,Switzerland,False
391,fparrish,Free,2021-01-07 17:13:02,Australia,True
392,mikaylagood,Free,2021-08-04 04:35:12,United Arab Emirates,True
393,evanskaren,Purchased,2020-06-20 17:40:17,Switzerland,False
394,floresrachael,Purchased,2020-12-20 15:46:32,France,False
395,xjensen,Free,2020-07-19 21:02:14,South Africa,True
396,andrew90,Purchased,2020-11-18 11:04:57,United States,False
397,omartin,Purchased,2020-08-29 00:24:50,New Zealand,False
398,morrowcristian,Free,2020-11-05 10:22:55,South Korea,False
399,dawn58,Free,2020-04-13 04:55:44,United Arab Emirates,True
400,jill95,Free,2021-05-29 10:57:17,China,False
401,anatorres,Free,2021-07-01 17:50:14,Norway,True
402,ecole,Free,2020-08-03 06:32:57,Ireland,True
403,daniel15,Free,2020-05-24 11:51:40,New Zealand,False
404,melissa53,Free,2020-03-08 16:19:26,South Africa,False
405,raven39,Purchased,2020-03-30 17:38:31,United States,True
406,wagnervictoria,Purchased,2021-04-05 07:04:40,Taiwan,False
407,david51,Free,2020-05-25 21:43:43,South Korea,False
408,johnsonmatthew,Free,2020-01-12 21:48:37,France,True
409,kristina26,Free,2021-05-11 17:57:35,South Africa,False
410,xwilson,Free,2020-01-22 11:12:06,Ireland,True
411,daviladebra,Purchased,2021-05-11 00:11:55,Japan,False
412,jessicahunt,Free,2020-10-12 01:47:20,Denmark,False
413,dixonlouis,Free,2021-07-15 16:55:06,Denmark,False
414,sergio72,Free,2021-01-20 00:35:31,Norway,False
415,charlesprince,Purchased,2020-08-05 06:40:23,Ireland,True
416,richardseric,Free,2020-06-09 02:22:58,United Kingdom,True
417,warnerthomas,Free,2020-09-27 14:17:45,Sweden,False
418,nevans,Purchased,2020-09-23 17:40:21,Hong Kong,False
419,qmoore,Purchased,2021-07-31 23:38:28,Singapore,False
420,mendozasierra,Purchased,2020-11-19 03:41:47,Switzerland,False
421,julia04,Purchased,2021-02-28 07:58:20,South Africa,False
422,cconner,Purchased,2020-12-09 22:34:46,Singapore,False
423,charlesmoreno,Free,2020-07-11 07:39:00,France,False
424,qblack,Free,2020-05-08 01:30:53,Switzerland,True
425,grose,Free,2020-02-07 16:17:44,Japan,True
426,olsonjonathan,Purchased,2020-02-29 22:11:42,Switzerland,True
427,clarkrebecca,Purchased,2021-01-31 01:37:20,Ireland,True
428,holly81,Purchased,2020-08-03 01:07:01,China,False
429,vhowell,Free,2020-09-15 12:08:04,Ireland,False
430,rodneyadams,Purchased,2020-04-18 05:33:35,France,False
431,inguyen,Purchased,2021-06-08 05:16:46,Denmark,True
432,carolhall,Purchased,2021-01-23 07:35:47,Sweden,False
433,hernandezkimberly,Free,2020-06-11 20:50:58,Denmark,True
434,ktaylor,Free,2020-12-13 02:55:20,Germany,True
435,ramirezrachel,Free,2020-03-18 07:38:56,South Africa,True
436,benjamin93,Purchased,2021-01-22 06:10:55,Australia,False
437,nathanadams,Free,2020-06-21 21:56:15,Taiwan,False
438,lwilliams,Free,2021-01-14 02:33:02,South Korea,True
439,danielbrown,Free,2020-09-15 05:45:37,China,False
440,timothymullins,Free,2021-06-03 21:54:24,Taiwan,False
441,richard25,Purchased,2020-04-15 03:55:06,Hong Kong,True
442,cory23,Purchased,2020-08-17 08:42:37,Switzerland,False
443,flynnjennifer,Free,2020-08-04 09:53:29,South Korea,False
444,jamescarlson,Purchased,2020-10-27 12:39:52,Canada,False
445,greenkimberly,Free,2021-05-29 08:13:58,United States,False
446,pwhite,Purchased,2020-11-09 14:46:45,Taiwan,False
447,brandonwilliamson,Purchased,2020-01-04 19:04:59,China,False
448,laurenwhite,Free,2020-10-03 01:49:58,Australia,True
449,susan79,Free,2021-06-07 19:03:40,Norway,True
450,angela63,Free,2021-04-05 03:12:46,Canada,True
451,christopher03,Free,2020-09-21 00:30:08,Singapore,False
452,vargasstacy,Purchased,2021-03-08 09:56:48,Singapore,True
453,fvazquez,Purchased,2020-12-04 13:41:42,Hong Kong,True
454,rodney12,Free,2020-08-13 23:09:28,Germany,True
455,zimmermanscott,Free,2020-07-15 23:46:27,Australia,False
456,taylormichelle,Purchased,2020-08-20 18:24:03,Switzerland,False
457,vburgess,Free,2021-07-05 05:30:37,Switzerland,True
458,travis43,Free,2021-02-02 04:56:02,Germany,False
459,jchen,Free,2021-07-29 13:04:26,Germany,True
460,hannahhernandez,Purchased,2021-03-11 02:57:02,United States,False
461,scottstein,Free,2021-05-29 23:46:52,United States,True
462,tmoore,Purchased,2020-10-12 05:11:03,Denmark,False
463,alex78,Purchased,2021-05-16 08:06:16,South Africa,True
464,shannon00,Free,2020-06-06 04:16:43,South Korea,True
465,ashley10,Purchased,2020-11-17 03:24:31,South Africa,False
466,linda87,Purchased,2021-03-13 20:32:50,Germany,True
467,karenlee,Purchased,2020-08-04 09:03:05,Singapore,False
468,reidjennifer,Purchased,2020-01-13 02:07:44,Ireland,True
469,jacksonrebecca,Free,2020-05-02 03:27:28,United Kingdom,True
470,kchambers,Purchased,2020-01-25 00:16:42,France,False
471,walterscharles,Purchased,2021-06-09 00:47:07,New Zealand,True
472,garmstrong,Purchased,2020-06-08 07:20:11,Ireland,False
473,andrew58,Purchased,2020-02-18 02:22:39,Ireland,True
474,stephaniecook,Purchased,2020-01-19 21:12:05,Ireland,False
475,ericcarpenter,Free,2020-10-28 06:26:55,Taiwan,False
476,felicia99,Purchased,2021-06-16 23:40:25,United Arab Emirates,True
477,autumnalexander,Purchased,2020-06-07 17:16:35,Japan,False
478,osmith,Free,2020-10-04 18:54:05,South Korea,True
479,mary48,Purchased,2020-02-07 06:41:49,South Korea,False
480,betty87,Free,2020-05-09 14:09:39,Taiwan,True
481,vfranco,Purchased,2020-12-18 03:38:48,Ireland,False
482,sday,Free,2021-06-27 08:48:54,Sweden,True
483,leonardstephens,Purchased,2020-04-23 19:22:59,South Korea,True
484,kjohnson,Free,2021-04-09 07:07:13,Sweden,False
485,stephen65,Free,2020-02-20 10:05:16,Canada,True
486,ologan,Free,2020-09-08 02:33:53,South Africa,False
487,rhondawillis,Purchased,2020-06-04 13:55:58,Sweden,False
488,goulddustin,Purchased,2021-01-26 15:04:50,Hong Kong,False
489,haleyhopkins,Free,2020-10-30 20:54:56,South Africa,False
490,mprice,Purchased,2020-12-12 21:02:59,Australia,False
491,lward,Purchased,2021-06-21 06:48:42,Hong Kong,True
492,bakerjennifer,Purchased,2021-01-17 11:10:06,France,False
493,hudsonjerry,Purchased,2021-04-21 13:03:00,Singapore,False
494,edward17,Free,2020-12-19 12:28:40,South Korea,True
495,jamesryan,Free,2021-02-10 07:31:24,New Zealand,False
496,otapia,Free,2021-01-23 09:12:04,New Zealand,True
497,johnjackson,Free,2020-06-07 22:19:27,United Kingdom,True
498,beth38,Purchased,2021-05-09 23:57:34,United Kingdom,False
499,ortizherbert,Purchased,2020-07-30 12:45:06,Denmark,True
500,frank51,Purchased,2020-01-07 20:51:46,United States,False
501,melissa42,Free,2020-07-17 09:24:53,South Korea,False
502,denise32,Purchased,2020-10-12 10:35:35,Denmark,True
503,austincompton,Free,2020-05-25 17:43:40,Sweden,False
504,connor25,Purchased,2020-06-13 20:40:07,Switzerland,False
505,joseph03,Purchased,2020-07-13 13:28:35,Japan,False
506,charlesmartinez,Purchased,2020-05-13 09:07:11,South Korea,True
507,ksanders,Free,2020-06-16 22:43:09,United Kingdom,False
508,kimberly32,Free,2020-06-12 20:20:18,Germany,False
509,donnabutler,Purchased,2020-07-11 13:00:01,Hong Kong,False
510,ginaortega,Free,2021-05-04 23:11:44,Canada,False
511,theodore99,Purchased,2020-05-23 00:02:23,South Korea,True
512,sheltonjose,Purchased,2020-06-12 14:15:04,United Kingdom,False
513,davidgray,Purchased,2020-04-06 12:05:22,United Arab Emirates,False
514,everettsteven,Purchased,2021-02-12 06:33:40,France,False
515,mullencarla,Free,2021-02-14 21:27:27,Taiwan,False
516,brianna10,Purchased,2021-03-09 04:52:26,United States,False
517,scottmoore,Free,2020-02-11 06:23:33,Sweden,False
518,lcook,Free,2021-01-15 20:29:33,Switzerland,False
519,alexandermorales,Free,2020-11-29 03:18:50,China,False
520,michele56,Purchased,2020-07-06 22:16:00,New Zealand,True
521,christopherreyes,Purchased,2020-11-21 20:02:05,France,True
522,riosmatthew,Free,2021-03-11 17:54:23,Sweden,False
523,amandamartinez,Free,2020-07-15 02:01:32,France,False
524,carrtimothy,Purchased,2021-07-16 20:09:26,Denmark,False
525,mcalhoun,Purchased,2020-04-09 10:05:55,Switzerland,True
526,charles57,Purchased,2021-01-23 14:51:52,United States,True
527,morriselizabeth,Free,2021-06-15 00:13:08,Germany,False
528,teresa03,Free,2020-11-24 20:14:17,Norway,False
529,jessica23,Free,2020-11-17 18:50:34,Norway,False
530,olsenjessica,Purchased,2020-03-17 06:40:03,Denmark,True
531,dstephens,Free,2021-07-04 15:34:06,Singapore,False
532,michael87,Free,2021-06-09 15:15:47,Germany,True
533,kathy97,Purchased,2020-01-18 16:43:01,Ireland,True
534,zsolis,Free,2020-05-02 17:13:51,Switzerland,True
535,jennifer67,Purchased,2021-05-08 18:54:59,Canada,True
536,michaelreed,Free,2021-04-10 05:14:19,China,False
537,lmartin,Free,2021-01-28 02:41:43,Hong Kong,True
538,sonyacooper,Free,2020-07-19 09:35:27,Norway,False
539,amberjohnson,Free,2021-05-07 10:30:58,Taiwan,True
540,huntallison,Free,2020-03-14 09:22:15,Japan,False
541,jeremybaker,Purchased,2021-04-03 12:00:43,China,False
542,ibrooks,Free,2020-06-04 06:33:48,Denmark,False
543,nancymartinez,Purchased,2020-07-31 19:12:57,Japan,False
544,burnsabigail,Purchased,2020-01-15 20:28:29,Australia,True
545,halljoshua,Purchased,2021-04-23 14:25:24,New Zealand,False
546,kristen85,Free,2021-04-19 21:29:22,Hong Kong,True
547,vsalazar,Purchased,2021-04-21 19:26:50,Denmark,False
548,yroberts,Free,2021-06-27 16:37:34,United Kingdom,True
549,ubrown,Purchased,2020-05-27 23:34:30,Canada,True
550,perezanne,Free,2020-04-13 07:11:49,United Arab Emirates,True
551,kristaperez,Purchased,2020-12-18 16:25:31,Hong Kong,False
552,johnsoncarlos,Free,2020-11-23 04:09:48,South Africa,False
553,melissawilliams,Free,2021-02-23 04:53:16,Switzerland,True
554,jonathan31,Purchased,2021-01-17 07:39:12,Switzerland,True
555,jasonwilliams,Purchased,2021-06-10 20:58:30,France,False
556,hooverpatricia,Free,2020-03-24 23:08:04,Taiwan,True
557,yfitzpatrick,Free,2020-07-24 23:58:27,Norway,True
558,hwright,Free,2020-06-28 09:22:21,Japan,True
559,todd26,Free,2021-02-10 09:25:25,Switzerland,True
560,christopher52,Purchased,2021-05-04 09:48:28,Norway,True
561,nicholas23,Purchased,2020-12-18 05:49:18,New Zealand,False
562,lisa76,Free,2021-01-26 19:04:37,China,True
563,matthewramirez,Free,2020-11-14 21:11:02,France,False
564,kwilliams,Free,2021-08-06 18:49:05,Norway,False
565,jhood,Free,2021-06-11 15:30:01,France,True
566,burkemary,Free,2020-02-13 09:39:39,Hong Kong,True
567,douglassonya,Free,2020-03-16 06:33:25,South Korea,False
568,melissamalone,Purchased,2020-03-19 07:42:13,Taiwan,False
569,hannah03,Free,2020-01-21 11:40:10,Germany,True
570,mariah32,Purchased,2020-06-21 00:54:50,Japan,True
571,nchan,Purchased,2020-03-25 01:34:44,Australia,False
572,erinsimpson,Free,2020-02-18 01:54:32,Denmark,False
573,erin22,Free,2020-11-13 23:43:27,Singapore,False
574,pmyers,Purchased,2020-03-05 19:59:20,France,True
575,hamiltonjennifer,Free,2020-09-07 00:05:38,Singapore,False
576,fgreen,Free,2021-05-15 12:52:47,Hong Kong,True
577,shannon65,Free,2020-09-18 21:54:32,Sweden,False
578,stevenrojas,Free,2020-05-14 03:44:22,New Zealand,False
579,tiffany34,Free,2021-03-01 05:27:48,Australia,True
580,dianeallen,Free,2021-01-30 11:53:19,Singapore,False
581,ocooper,Purchased,2020-08-20 03:18:30,New Zealand,False
582,chelsearoach,Purchased,2021-01-30 05:07:28,Singapore,True
583,lauren63,Free,2021-03-01 22:41:07,United States,True
584,jacob16,Purchased,2021-06-24 12:13:18,United Kingdom,True
585,vhicks,Purchased,2020-10-28 21:24:00,Germany,False
586,margaret28,Purchased,2020-10-07 02:00:32,France,False
587,april87,Free,2020-07-26 09:51:45,New Zealand,False
588,andrewtownsend,Purchased,2020-02-21 23:37:06,South Korea,False
589,williamstein,Free,2020-10-09 04:42:55,Taiwan,True
590,morsedestiny,Purchased,2020-06-04 04:27:52,Canada,False
591,arthurpalmer,Purchased,2021-07-06 06:00:00,Switzerland,False
592,raymondalyssa,Purchased,2021-07-27 07:56:15,United Arab Emirates,False
593,nicole42,Free,2020-12-12 06:37:52,Australia,True
594,uparker,Purchased,2021-05-11 06:55:27,United Arab Emirates,True
595,jessica78,Free,2021-05-31 01:37:30,United Arab Emirates,True
596,cherylmurray,Purchased,2021-08-02 02:36:33,United States,True
597,bhoward,Free,2020-09-07 08:52:53,Canada,False
598,robertzimmerman,Free,2021-06-23 15:45:41,Norway,True
599,jennifer73,Purchased,2020-06-30 11:21:44,South Africa,True
600,hsmith,Free,2020-02-19 20:51:06,Denmark,True
601,fergusonchelsea,Purchased,2021-07-29 12:12:37,Japan,False
602,kreid,Purchased,2020-10-21 18:29:28,Norway,True
603,stephaniepotter,Purchased,2020-06-29 06:36:58,Singapore,True
604,schroederalyssa,Purchased,2020-12-30 21:11:28,Germany,False
605,mtorres,Purchased,2021-05-06 12:37:06,United States,False
606,richardoliver,Purchased,2020-03-26 13:56:53,France,False
607,ygriffith,Free,2021-05-04 03:55:01,Canada,True
608,reedcassandra,Purchased,2020-01-22 06:20:22,Ireland,True
609,victoria15,Purchased,2020-12-02 00:43:18,Hong Kong,False
610,david35,Free,2020-08-14 16:07:29,United States,False
611,nathaniel51,Free,2020-01-14 08:36:09,United Kingdom,True
612,douglas44,Purchased,2021-07-21 12:51:52,Switzerland,False
613,montgomerymichael,Purchased,2020-04-01 18:28:34,China,False
614,julievalenzuela,Purchased,2021-03-10 04:26:04,Switzerland,True
615,michaelmitchell,Purchased,2020-08-31 23:20:23,South Africa,False
616,adriana28,Purchased,2021-05-02 21:40:11,Japan,False
617,cannonshane,Free,2020-07-20 06:57:54,New Zealand,False
618,dadams,Purchased,2020-12-29 08:07:50,Canada,False
619,smithmichelle,Purchased,2020-07-05 21:57:01,Taiwan,False
620,suzanne96,Free,2020-03-13 08:06:42,United States,False
621,hward,Free,2020-05-28 13:49:02,United Arab Emirates,False
622,george12,Free,2020-11-12 20:00:24,Japan,True
623,anthonymorrow,Purchased,2020-07-17 12:09:37,United States,False
624,willie27,Free,2020-02-19 09:10:44,Australia,True
625,barnesandrea,Free,2020-07-16 02:13:04,Canada,False
626,kelliott,Free,2021-07-16 01:24:25,New Zealand,True
627,gboyle,Free,2020-06-03 15:22:04,South Korea,True
628,susanmiller,Purchased,2021-04-24 09:25:10,Hong Kong,False
629,thomas47,Purchased,2020-06-27 15:36:56,Sweden,True
630,matthewwebb,Free,2020-06-05 02:45:41,China,True
631,qschneider,Purchased,2021-03-10 16:24:04,Australia,True
632,kendra16,Purchased,2020-01-29 03:52:43,Denmark,False
633,brownjacob,Purchased,2020-10-15 14:07:08,United Arab Emirates,True
634,justincrawford,Purchased,2020-12-16 16:27:14,France,True
635,jack34,Purchased,2020-04-01 00:37:17,Germany,True
636,leejared,Purchased,2020-01-28 20:34:11,Switzerland,True
637,zsavage,Purchased,2020-08-24 05:54:18,Singapore,False
638,beth09,Purchased,2020-03-07 17:01:13,Norway,False
639,martinchristopher,Free,2020-03-28 07:08:55,Denmark,False
640,vharvey,Free,2020-04-27 08:46:21,China,False
641,audreyharvey,Free,2020-08-04 09:09:06,Canada,True
642,ramirezjesus,Free,2021-05-11 04:04:56,United States,False
643,kimjennifer,Purchased,2020-10-05 03:37:08,Ireland,True
644,swilson,Purchased,2020-11-03 13:32:33,Japan,False
645,crystalrollins,Purchased,2020-07-26 15:34:20,Germany,True
646,lucerobrian,Free,2020-02-24 00:39:07,Taiwan,True
647,cbarrett,Free,2020-06-19 22:12:45,Taiwan,True
648,andrewconley,Free,2020-04-05 18:17:12,Taiwan,True
649,michaelklein,Free,2020-08-06 10:54:54,Switzerland,True
650,patricia17,Purchased,2020-06-16 14:25:01,Switzerland,True
651,ellisjohn,Purchased,2021-02-15 17:05:20,Ireland,False
652,garciadaniel,Purchased,2020-09-07 22:56:04,Denmark,True
653,lelliott,Free,2020-03-03 02:01:17,United Arab Emirates,False
654,mark07,Free,2021-04-09 03:57:41,France,True
655,krista95,Purchased,2020-02-11 23:17:22,Switzerland,True
656,linda42,Purchased,2021-01-26 10:36:59,United Kingdom,True
657,smithalejandro,Free,2020-06-04 09:16:27,Japan,False
658,jessica51,Free,2020-02-01 05:58:26,Germany,False
659,katherinegarza,Free,2020-04-09 20:24:11,Denmark,False
660,roblesshannon,Purchased,2021-07-10 18:58:58,Norway,False
661,lindsey38,Purchased,2020-04-09 00:39:27,United Kingdom,True
662,parksmark,Purchased,2020-09-23 21:26:33,Switzerland,False
663,patrickbush,Free,2020-09-06 10:24:44,Germany,True
664,millerlorraine,Purchased,2021-04-16 10:28:38,Australia,True
665,uanderson,Free,2021-01-07 08:01:08,France,False
666,ericcoleman,Purchased,2020-10-20 13:40:46,Sweden,False
667,kennedyrandy,Purchased,2020-05-02 18:43:52,Norway,False
668,sharon02,Purchased,2021-03-12 15:47:53,Taiwan,True
669,vjohnson,Free,2020-05-26 08:01:34,Denmark,False
670,johnnyyoder,Free,2020-11-28 10:29:40,United States,True
671,mrobertson,Purchased,2020-12-10 18:54:25,Norway,True
672,francisco43,Purchased,2020-08-01 23:41:08,France,False
673,awarren,Free,2021-05-20 22:55:41,China,True
674,ojohnson,Free,2021-02-11 01:58:41,Hong Kong,False
675,michelledeleon,Free,2021-05-19 05:33:20,United Arab Emirates,False
676,huntermartha,Purchased,2020-09-19 05:39:26,United Arab Emirates,False
677,brettfoster,Purchased,2020-12-13 19:09:10,Ireland,True
678,jackson12,Free,2021-03-02 06:53:04,Ireland,True
679,fpennington,Free,2020-01-22 09:04:05,Germany,False
680,mitchellchristina,Free,2020-05-05 10:08:29,United States,False
681,danielledavenport,Purchased,2020-07-10 18:35:03,China,False
682,samantha98,Free,2020-12-19 23:46:18,New Zealand,True
683,ehensley,Free,2020-03-25 14:36:27,Norway,False
684,nmartinez,Purchased,2020-10-03 11:32:13,South Africa,True
685,tapiacathy,Free,2020-09-16 15:46:48,Ireland,False
686,johnsonjill,Purchased,2020-11-07 06:40:00,Denmark,True
687,roberttaylor,Free,2021-06-17 11:55:49,China,False
688,zimmermanmark,Free,2021-06-29 05:11:49,Ireland,False
689,pstrickland,Purchased,2021-05-22 05:32:04,Switzerland,False
690,paul37,Purchased,2020-03-23 01:12:18,Australia,True
691,benjamin89,Purchased,2020-10-25 22:40:05,Hong Kong,True
692,floydkimberly,Purchased,2020-02-22 19:21:30,New Zealand,False
693,karenwaters,Purchased,2020-06-02 03:35:38,Australia,False
694,qolson,Purchased,2021-02-01 01:34:51,United Arab Emirates,False
695,scott80,Free,2021-08-06 15:30:42,Denmark,True
696,andrewevans,Free,2021-02-15 03:07:47,Switzerland,False
697,gweaver,Purchased,2020-09-25 03:37:34,Australia,True
698,rflynn,Free,2020-03-07 17:16:15,South Korea,False
699,qzimmerman,Free,2020-08-30 16:52:55,South Africa,False
700,kshannon,Purchased,2020-03-10 22:03:27,Australia,False
701,fergusonpatricia,Purchased,2020-10-01 01:47:04,United Arab Emirates,False
702,gina71,Free,2020-04-19 09:27:31,New Zealand,True
703,leesteven,Purchased,2020-11-26 04:44:05,United Kingdom,True
704,cassidykramer,Purchased,2020-04-02 06:17:10,Australia,True
705,fkrause,Free,2020-09-20 11:11:11,Hong Kong,True
706,sullivanrichard,Free,2020-11-05 01:01:36,Taiwan,True
707,marshdonald,Purchased,2020-03-18 15:46:49,Ireland,False
708,ujohnson,Purchased,2020-01-17 21:37:39,New Zealand,False
709,yespinoza,Purchased,2020-12-22 05:11:12,South Africa,False
710,amyzamora,Purchased,2020-04-18 05:26:18,Canada,True
711,mary92,Free,2021-01-17 08:10:12,France,True
712,martinchristopher,Purchased,2020-01-25 03:59:48,South Korea,True
713,garciascott,Free,2020-02-26 02:08:21,Australia,False
714,charlesmills,Purchased,2021-07-09 07:41:12,New Zealand,False
715,yvalentine,Free,2021-04-06 14:37:02,United States,True
716,jasoncarter,Purchased,2020-12-29 23:46:18,Denmark,True
717,ellen11,Purchased,2020-09-29 05:53:05,South Korea,True
718,boydelizabeth,Free,2020-05-24 06:25:22,New Zealand,False
719,cassie84,Purchased,2020-10-16 17:12:00,South Africa,False
720,turnerelizabeth,Free,2020-05-14 10:16:47,Denmark,True
721,timothy65,Free,2021-02-04 08:37:25,United Kingdom,False
722,sharon38,Free,2021-06-17 07:21:57,Singapore,True
723,brownkatherine,Free,2021-05-05 08:19:32,Denmark,False
724,hbrady,Free,2021-07-02 00:51:41,New Zealand,False
725,peter70,Purchased,2020-01-20 22:53:39,Denmark,False
726,joseph98,Free,2021-06-21 05:30:38,Australia,True
727,lroberts,Free,2021-06-23 22:25:56,France,False
728,james05,Purchased,2021-07-08 15:43:16,Norway,False
729,vsteele,Purchased,2021-02-13 17:18:54,Taiwan,False
730,hlynch,Free,2021-06-08 07:02:11,New Zealand,False
731,kimberlylindsey,Purchased,2020-04-10 02:14:53,Denmark,True
732,courtneyedwards,Purchased,2021-01-13 06:47:29,Sweden,True
733,ycarter,Free,2020-06-30 09:12:41,Denmark,False
734,phillipsdanielle,Purchased,2021-06-20 18:40:26,Sweden,True
735,crystalevans,Purchased,2021-04-15 06:10:56,Ireland,True
736,alex36,Free,2020-09-21 11:14:24,France,False
737,henryowens,Purchased,2020-06-04 18:38:00,Hong Kong,False
738,mwalker,Free,2020-09-25 01:49:55,United Arab Emirates,True
739,halljulie,Purchased,2020-09-06 06:35:15,Sweden,False
740,zmills,Purchased,2020-02-01 05:17:30,United States,True
741,rsmith,Free,2020-09-22 05:42:58,Germany,False
742,justinalvarez,Purchased,2020-10-15 12:29:21,Germany,True
743,tammyconner,Purchased,2020-05-08 16:59:20,Taiwan,False
744,mcasey,Free,2020-06-11 04:42:06,Ireland,True
745,sfrench,Free,2021-05-20 00:12:59,United States,True
746,heidi22,Purchased,2020-12-06 23:20:33,Sweden,False
747,shannonwilliams,Purchased,2021-02-04 04:16:23,Ireland,True
748,swansonjennifer,Free,2020-09-17 16:54:06,Singapore,True
749,qharris,Free,2020-05-22 07:47:35,Switzerland,False
750,rwhitaker,Free,2020-05-29 18:04:56,Singapore,False
751,joseph91,Free,2020-11-23 09:14:21,Hong Kong,False
752,gutierrezteresa,Free,2021-03-03 13:31:28,Germany,False
753,hartrobert,Purchased,2020-04-02 20:53:19,Japan,True
754,adrian43,Free,2020-09-20 10:15:22,Denmark,False
755,heather82,Free,2020-12-30 03:27:10,China,False
756,jerry82,Free,2020-02-26 04:02:25,Hong Kong,False
757,bryan82,Free,2020-12-05 09:33:09,Norway,True
758,stevenball,Purchased,2020-03-24 10:25:30,Norway,True
759,lisa20,Free,2020-08-12 04:39:51,South Korea,True
760,dillon44,Purchased,2020-03-21 07:52:07,United States,True
761,lewismichelle,Free,2020-09-19 23:11:28,Japan,True
762,rhayes,Purchased,2021-03-01 01:53:55,France,True
763,aguilarvictor,Free,2021-05-24 14:12:47,China,True
764,markmontes,Purchased,2020-07-31 05:22:32,United Kingdom,True
765,sgeorge,Free,2021-06-04 10:37:51,Switzerland,True
766,maxwellsamuel,Purchased,2020-11-11 00:37:46,Canada,True
767,paulpowell,Purchased,2020-11-29 01:08:57,France,False
768,ryanferrell,Free,2021-04-09 09:39:07,United Kingdom,False
769,fpeterson,Free,2021-03-13 13:54:46,Hong Kong,True
770,philip03,Free,2020-06-29 17:29:38,China,True
771,donald14,Purchased,2021-03-28 04:09:18,South Africa,True
772,jvazquez,Purchased,2021-07-08 23:00:41,South Africa,True
773,lindseyarroyo,Free,2021-01-09 16:07:20,Germany,True
774,patricialee,Free,2020-11-07 22:37:23,Hong Kong,True
775,kgardner,Purchased,2020-08-30 18:04:20,Norway,False
776,ipeck,Free,2021-06-20 18:28:52,France,False
777,johnsontiffany,Purchased,2020-03-01 22:24:10,South Korea,False
778,canderson,Purchased,2020-08-01 04:15:57,Singapore,False
779,lmartin,Purchased,2021-04-18 07:57:34,South Korea,False
780,mitchellnathan,Purchased,2020-02-11 16:56:11,United Arab Emirates,True
781,kayla12,Free,2021-07-10 06:19:42,United States,False
782,curtisrogers,Purchased,2020-05-31 22:46:06,Norway,True
783,ashley98,Free,2020-11-11 12:26:06,United Arab Emirates,True
784,jenniferobrien,Purchased,2020-09-16 09:54:24,China,False
785,mario04,Free,2020-06-26 19:17:30,Canada,True
786,alyssaperry,Free,2020-02-11 18:04:52,South Africa,False
787,mharper,Purchased,2020-08-13 03:38:37,Ireland,False
788,christinesnyder,Free,2020-11-25 05:07:17,China,True
789,tsanchez,Free,2021-06-24 12:49:16,South Korea,True
790,joseph21,Free,2021-07-17 14:26:43,South Africa,True
791,georgebarr,Purchased,2021-01-12 08:43:00,Hong Kong,True
792,claynancy,Purchased,2020-11-29 03:48:51,Australia,False
793,alvarezmichelle,Free,2020-09-10 05:27:46,United Kingdom,False
794,olang,Purchased,2021-01-18 01:35:35,Taiwan,True
795,ybaker,Free,2020-02-13 23:16:25,Denmark,False
796,gparker,Purchased,2021-01-02 18:13:48,Hong Kong,False
797,jamesfrederick,Purchased,2020-04-06 05:28:49,Norway,False
798,fwhite,Purchased,2020-06-04 03:57:01,Australia,True
799,jnguyen,Purchased,2020-08-11 22:08:50,Australia,False
800,sparkssarah,Free,2020-06-08 20:40:02,United Kingdom,True
801,rhondamorgan,Purchased,2021-03-06 01:30:30,Japan,False
802,melissacosta,Purchased,2020-10-04 00:39:31,Norway,True
803,hcarlson,Free,2021-03-25 21:46:11,South Africa,False
804,sararobertson,Free,2020-06-23 21:54:32,United States,True
805,courtneyscott,Free,2020-12-19 07:41:36,Hong Kong,False
806,hardingheather,Purchased,2020-09-15 17:36:56,Switzerland,True
807,andersonnancy,Free,2020-09-27 14:05:41,United Kingdom,False
808,velazquezpamela,Free,2020-11-07 09:22:44,Japan,True
809,jenkinsronald,Purchased,2020-10-26 21:47:37,Denmark,False
810,ewilliams,Free,2021-06-28 21:48:42,United Arab Emirates,True
811,nguyenwhitney,Free,2020-01-19 16:37:27,New Zealand,True
812,deanna49,Free,2020-11-15 14:37:27,New Zealand,True
813,jeffrey16,Free,2020-08-07 10:33:25,Taiwan,False
814,sean21,Free,2021-02-27 00:27:18,United Kingdom,False
815,xcastillo,Purchased,2021-01-23 18:18:48,United Kingdom,True
816,daniel80,Free,2021-01-15 00:40:24,Canada,True
817,boothlindsey,Free,2021-08-03 05:09:05,Denmark,False
818,schultzangela,Free,2020-06-16 00:43:19,Singapore,False
819,mcclainmichael,Free,2020-09-30 06:34:57,New Zealand,False
820,iyoder,Free,2020-07-25 08:20:40,Denmark,True
821,millermary,Purchased,2020-12-15 05:49:17,Norway,False
822,pchristensen,Free,2020-10-13 18:17:16,Ireland,True
823,juliecross,Free,2020-11-29 11:12:42,Canada,False
824,reynoldsseth,Free,2021-05-26 02:37:19,United States,False
825,christopher75,Free,2020-01-19 12:41:22,Canada,False
826,richardsonkimberly,Free,2020-01-17 17:46:35,South Africa,True
827,douglasmartin,Free,2020-11-12 04:52:05,Japan,False
828,hglover,Free,2020-07-23 08:26:16,Taiwan,True
829,wanda25,Purchased,2021-06-21 16:24:02,United Arab Emirates,False
830,michele04,Free,2021-02-19 06:45:37,Sweden,True
831,scott18,Purchased,2020-10-10 02:30:10,Singapore,True
832,amber78,Purchased,2021-01-12 02:39:02,Germany,False
833,joelpetersen,Purchased,2021-04-14 07:04:30,Norway,True
834,melissa26,Purchased,2020-09-16 10:22:41,Australia,False
835,genelewis,Purchased,2021-04-28 10:56:09,France,True
836,chadwalters,Purchased,2021-05-04 08:42:26,Switzerland,False
837,clarkjennifer,Free,2020-10-23 21:23:29,China,True
838,rsanchez,Purchased,2021-01-07 19:50:08,Norway,True
839,pamelacaldwell,Purchased,2020-05-27 14:05:28,United States,True
840,tina96,Free,2020-02-13 02:01:28,Australia,False
841,michelecampbell,Purchased,2020-08-01 19:51:33,Singapore,False
842,ashley76,Purchased,2020-01-04 16:14:55,United Arab Emirates,False
843,smithwilliam,Purchased,2020-10-17 09:58:42,France,True
844,acostamiranda,Free,2021-01-01 13:16:16,Taiwan,False
845,matthewcarr,Purchased,2021-05-11 09:04:07,Sweden,False
846,copelandmark,Purchased,2020-10-16 23:51:35,United States,False
847,tyang,Free,2021-01-19 08:24:09,France,False
848,dgraves,Purchased,2020-11-07 10:43:14,Japan,True
849,deborah25,Free,2020-06-13 11:24:16,Ireland,True
850,parkscharles,Free,2020-10-26 12:24:59,Denmark,True
851,janicetaylor,Free,2020-08-18 10:46:52,United Arab Emirates,False
852,kmcmahon,Purchased,2020-03-09 01:31:45,New Zealand,False
853,aliciacox,Free,2020-05-15 16:07:05,France,True
854,johnsonlisa,Purchased,2021-05-23 00:01:54,Denmark,True
855,ericaweber,Purchased,2020-11-04 09:07:06,Japan,False
856,russelllee,Free,2020-03-21 10:14:00,United States,False
857,jamie99,Free,2020-09-23 09:44:16,Ireland,False
858,daniellee,Purchased,2021-01-23 14:19:25,Japan,True
859,martinezjack,Free,2020-07-26 03:32:16,Taiwan,False
860,danielsmackenzie,Free,2020-12-17 02:40:51,Singapore,False
861,christopher16,Purchased,2020-02-22 13:38:40,Canada,True
862,towen,Purchased,2020-09-07 05:56:11,China,False
863,basspatricia,Free,2021-04-12 12:08:44,Australia,True
864,samantha95,Free,2020-01-07 02:07:33,United Kingdom,True
865,michaeldickerson,Purchased,2020-12-28 00:28:21,South Africa,False
866,doughertyallison,Free,2020-04-13 12:20:12,United Kingdom,False
867,megan46,Free,2021-03-03 22:23:16,Japan,True
868,richard12,Free,2020-08-19 18:24:48,Sweden,False
869,adam55,Free,2020-07-23 06:17:25,South Africa,False
870,kristin11,Free,2020-03-28 21:37:24,Sweden,False
871,rubiochristopher,Free,2020-04-03 14:02:27,South Africa,False
872,johnsonjustin,Purchased,2020-12-15 19:13:48,Japan,False
873,rodriguezdeborah,Free,2020-10-06 15:18:07,Japan,False
874,amy11,Free,2021-06-02 16:52:32,New Zealand,True
875,psingleton,Purchased,2020-03-18 04:49:13,United Kingdom,False
876,summer29,Purchased,2020-10-25 07:24:28,Taiwan,True
877,danielwilkins,Free,2021-03-02 16:47:58,Singapore,True
878,jacquelinemunoz,Free,2020-05-29 09:06:51,Canada,True
879,patriciarogers,Free,2020-07-04 03:15:57,Ireland,False
880,laurie69,Free,2021-02-17 17:51:13,Norway,False
881,halejacqueline,Purchased,2020-04-18 23:57:25,Hong Kong,True
882,desireemiller,Free,2021-04-25 13:33:02,United Arab Emirates,True
883,javila,Free,2021-05-05 17:25:37,United Kingdom,True
884,turnerevan,Free,2020-03-26 05:37:00,China,True
885,robin25,Purchased,2020-01-26 11:42:40,United States,True
886,woodardamanda,Free,2020-01-20 06:55:41,Ireland,False
887,charleswright,Free,2020-08-05 03:46:41,New Zealand,False
888,andersonheather,Free,2020-06-10 18:34:40,Japan,True
889,isabellawoods,Purchased,2020-01-05 22:41:13,Sweden,True
890,robert21,Purchased,2020-03-27 10:16:00,Taiwan,False
891,dunnholly,Purchased,2020-02-16 21:18:34,Denmark,False
892,jacob49,Purchased,2020-01-25 01:18:35,France,False
893,bradleyjohnny,Purchased,2021-07-01 04:08:58,New Zealand,False
894,cbryant,Purchased,2020-11-08 16:23:01,Hong Kong,False
895,paulsmith,Purchased,2021-02-01 00:04:06,China,True
896,youngdebbie,Free,2021-03-01 21:53:23,Canada,True
897,randyrandall,Purchased,2021-07-21 06:18:45,Switzerland,False
898,nicolejackson,Free,2021-04-25 08:30:22,South Africa,True
899,mrobbins,Free,2021-05-18 08:19:23,Hong Kong,True
900,jimmylittle,Purchased,2021-01-23 09:43:54,Norway,False
901,vancedavid,Free,2020-10-27 12:28:44,United States,True
902,rodney67,Purchased,2020-09-30 04:48:22,Norway,True
903,william88,Purchased,2021-03-11 15:12:07,China,True
904,fcarey,Free,2021-03-15 08:56:43,United States,True
905,lindahenry,Free,2021-03-03 02:15:32,Australia,True
906,whutchinson,Free,2020-04-20 08:02:28,United Arab Emirates,True
907,deanjoseph,Free,2020-09-05 18:23:51,China,False
908,kaitlynwoods,Purchased,2020-02-18 21:51:24,Denmark,False
909,traceyayers,Free,2020-07-21 03:53:54,Ireland,False
910,itorres,Free,2020-12-25 09:10:50,United States,True
911,mbrock,Free,2020-02-09 11:54:52,Australia,False
912,collinsdavid,Purchased,2021-07-02 15:44:28,United States,False
913,heatherwright,Free,2021-06-05 06:13:50,Australia,False
914,jschmitt,Purchased,2020-05-18 12:03:30,Taiwan,True
915,leahsullivan,Free,2021-03-21 10:24:36,Germany,False
916,edwin93,Free,2020-08-22 03:45:45,United Arab Emirates,True
917,michelenunez,Free,2020-05-08 00:27:38,South Africa,False
918,xbrown,Purchased,2021-03-10 21:55:26,France,True
919,jonesmisty,Free,2020-03-14 13:50:21,Switzerland,True
920,dana55,Free,2020-01-13 15:34:12,Norway,True
921,kpatterson,Purchased,2020-06-02 02:21:16,Sweden,False
922,andrewskathy,Purchased,2020-02-15 14:47:05,Singapore,True
923,lisabradshaw,Purchased,2020-04-19 01:51:56,Germany,True
924,yorkryan,Free,2020-11-15 13:44:03,Norway,True
925,josephcameron,Purchased,2020-01-16 08:24:09,Norway,True
926,abigail42,Free,2021-03-29 04:34:43,South Korea,False
927,lfoster,Free,2021-02-06 23:34:59,China,True
928,georgemiller,Purchased,2020-12-20 13:44:26,South Africa,True
929,farleyjerry,Purchased,2020-01-03 00:22:44,Japan,False
930,benjaminmyers,Purchased,2020-07-14 18:14:23,United States,True
931,nfleming,Free,2020-03-21 09:41:05,South Korea,False
932,omiller,Free,2021-04-02 08:57:05,United Arab Emirates,True
933,rbishop,Free,2020-12-25 12:22:47,Switzerland,True
934,jwilson,Purchased,2020-02-14 01:18:03,Sweden,False
935,joan16,Purchased,2020-04-23 07:13:42,South Korea,True
936,bobbyjordan,Free,2020-04-10 08:00:59,Japan,False
937,tami49,Purchased,2021-02-09 04:49:51,China,False
938,donald71,Purchased,2020-08-12 12:19:13,France,False
939,james65,Purchased,2020-03-27 18:31:26,Switzerland,False
940,mphillips,Purchased,2021-02-15 11:50:03,Canada,False
941,rparker,Purchased,2021-07-03 15:02:08,Sweden,True
942,qnorton,Purchased,2021-04-19 16:25:20,Australia,False
943,paulsmith,Free,2020-05-06 11:24:52,United States,True
944,nathan00,Free,2021-02-02 00:34:05,United States,True
945,haletyler,Purchased,2021-07-21 11:40:55,Sweden,True
946,dmartinez,Purchased,2020-10-03 07:53:18,Germany,True
947,curtisbrooks,Free,2021-07-30 10:50:38,Norway,False
948,gloria74,Free,2020-01-20 21:54:02,Norway,True
949,phillipsjason,Purchased,2020-09-25 05:26:41,Hong Kong,False
950,andrewskimberly,Free,2021-02-26 16:20:52,Germany,True
951,arodriguez,Purchased,2020-01-05 17:27:09,Norway,True
952,samanthafrye,Free,2020-03-22 12:13:30,France,False
953,broman,Purchased,2020-01-05 14:57:35,Singapore,True
954,christopherrodriguez,Free,2021-04-10 01:53:39,Denmark,False
955,okerr,Free,2020-12-16 16:33:46,Singapore,True
956,martha54,Free,2020-09-17 14:49:49,United States,False
957,baileyroy,Free,2021-06-19 22:32:26,New Zealand,False
958,wilsoneric,Purchased,2020-04-11 15:51:47,United Arab Emirates,False
959,vbarnett,Purchased,2020-10-02 14:09:22,Denmark,False
960,cody65,Free,2021-08-06 17:32:57,Denmark,True
961,jamesgutierrez,Free,2021-06-14 19:17:53,France,True
962,michael03,Purchased,2021-04-05 05:28:42,Australia,False
963,nthompson,Free,2020-06-06 04:30:04,Hong Kong,False
964,joneswendy,Purchased,2021-07-09 18:14:54,United States,True
965,sandracarrillo,Free,2020-01-20 04:44:15,South Korea,False
966,xramirez,Purchased,2020-01-02 09:22:44,Singapore,False
967,vmclaughlin,Purchased,2020-12-27 03:28:07,Canada,True
968,fcrawford,Free,2020-02-19 16:22:35,Germany,False
969,davischristopher,Free,2020-05-08 15:36:14,Denmark,True
970,annhunt,Purchased,2020-07-23 14:47:14,France,True
971,kpierce,Purchased,2020-01-28 22:57:14,Norway,True
972,erin32,Free,2020-04-18 06:08:59,Hong Kong,False
973,mary89,Purchased,2021-04-03 10:43:35,France,True
974,raybeth,Purchased,2020-07-30 23:34:25,Australia,False
975,howardmichael,Free,2020-08-19 04:42:21,South Korea,False
976,ubell,Free,2021-05-25 09:01:25,France,True
977,jlindsey,Purchased,2020-08-13 21:42:55,New Zealand,True
978,ricejohn,Free,2020-08-11 10:17:28,Norway,True
979,michael91,Purchased,2020-02-20 16:45:14,Norway,False
980,yewing,Free,2021-02-01 04:35:20,Taiwan,False
981,melvin77,Free,2020-06-26 09:38:28,Denmark,False
982,vlopez,Free,2020-11-13 21:10:55,United Kingdom,True
983,billyallen,Purchased,2021-05-17 21:14:55,Japan,False
984,rayrobert,Purchased,2020-04-06 22:55:10,Norway,False
985,tammy90,Free,2020-12-18 07:49:36,New Zealand,False
986,ztucker,Free,2020-03-18 06:01:12,Hong Kong,False
987,kathryn16,Purchased,2021-03-23 02:55:42,Taiwan,True
988,whiteheadmonica,Purchased,2021-07-31 08:03:48,United Kingdom,True
989,stoneshannon,Purchased,2021-03-30 14:34:33,South Africa,False
990,joshua16,Purchased,2021-03-25 10:24:18,Japan,True
991,trevor79,Free,2020-08-21 16:44:13,Hong Kong,False
992,stonejoanna,Free,2021-01-22 16:25:54,Switzerland,False
993,smithrobin,Free,2020-04-15 01:31:01,New Zealand,False
994,ehamilton,Free,2021-02-06 23:15:19,Japan,True
995,jilllarson,Free,2020-02-17 20:32:02,Denmark,False
996,henrydavis,Purchased,2020-02-17 12:52:46,New Zealand,False
997,mcclainamy,Free,2021-02-27 18:04:01,Norway,True
998,mistytaylor,Purchased,2020-07-21 02:14:38,South Korea,False
999,brian87,Purchased,2021-06-10 15:15:28,Ireland,False
